{
    "accuracy": 0.965,
    "classification_report": {
        "0": {
            "precision": 0.9792746113989638,
            "recall": 0.984375,
            "f1-score": 0.9818181818181818,
            "support": 192.0
        },
        "1": {
            "precision": 0.5714285714285714,
            "recall": 0.5,
            "f1-score": 0.5333333333333333,
            "support": 8.0
        },
        "accuracy": 0.965,
        "macro avg": {
            "precision": 0.7753515914137676,
            "recall": 0.7421875,
            "f1-score": 0.7575757575757576,
            "support": 200.0
        },
        "weighted avg": {
            "precision": 0.9629607698001482,
            "recall": 0.965,
            "f1-score": 0.9638787878787879,
            "support": 200.0
        }
    },
    "confusion_matrix": [
        [
            189,
            3
        ],
        [
            4,
            4
        ]
    ]
}